"instance_id","algorithm"
"./SAT02/industrial/aloul/Bart/bart17.shuffled.cnf","minisathackminisat_psm_2011.04.01"
"./SAT02/industrial/aloul/Homer/homer14.shuffled.cnf","CryptoMiniSat_Strange.Night2.st_fixed_"
"./SAT02/industrial/aloul/Homer/homer16.shuffled.cnf","CryptoMiniSat_Strange.Night2.st_fixed_"
"./SAT02/industrial/aloul/Homer/homer17.shuffled.cnf","QuteRSat_2011.05.12_fixed_"
"./SAT02/industrial/biere/dinphil/dp04s04.shuffled.cnf","Lingeling_587f_fixed_"
"./SAT02/industrial/biere/dinphil/dp04u03.shuffled.cnf","MPhaseSAT64_2011.05.14_fixed_"
"./SAT02/industrial/biere/dinphil/dp10s10.shuffled.cnf","rcl_2011.04.01"
"./SAT02/industrial/dellacherie/comb/comb1.shuffled.cnf","glucose_2"
"./SAT02/industrial/goldberg/fpga_routing/vda_gr_rcs_w9.shuffled.cnf","MPhaseSAT64_2011.05.14_fixed_"
"./SAT02/industrial/goldberg/rand_net/rand_net60-25-10.shuffled.cnf","Lingeling_587f_fixed_"
"./SAT02/industrial/goldberg/rand_net/rand_net60-30-1.shuffled.cnf","EBGlucose_1.0"
"./SAT02/industrial/goldberg/rand_net/rand_net60-40-10.shuffled.cnf","glueminisat_2.2.5"
"./SAT02/industrial/goldberg/rand_net/rand_net70-60-10.shuffled.cnf","QuteRSat_2011.05.12_fixed_"
"./SAT02/industrial/nam/fpga-routing/k2fix_gr_rcs_w8.shuffled.cnf","MPhaseSAT64_2011.05.14_fixed_"
"./SAT02/industrial/nam/fpga-routing/k2fix_gr_rcs_w9.shuffled.cnf","Lingeling_587f_fixed_"
"./SAT03/industrial/goldberg/hard_eq_check/c6288mul.miter.shuffled-as.sat03-346.cnf","minisathackMiniSAT_2.2.0.agile.26"
"./SAT03/industrial/goldberg/hard_eq_check/k2mul.miter.shuffled-as.sat03-355.cnf","glucose_2"
"./SAT03/industrial/goldberg/hard_eq_check/x1mul.miter.shuffled-as.sat03-359.cnf","glucose_2"
"./SAT03/industrial/kukula/addm_bench/am_7_7.shuffled-as.sat03-363.cnf","Lingeling_587f_fixed_"
"./SAT03/industrial/li/li-exam/li-exam-61.shuffled-as.sat03-366.cnf","QuteRSat_2011.05.12_fixed_"
"./SAT03/industrial/li/li-test4/li-test4-100.shuffled-as.sat03-370.cnf","MPhaseSAT64_2011.05.14_fixed_"
"./SAT03/industrial/maris/CNF/gripper13u.shuffled-as.sat03-395.cnf","SAT09referencesolverprecosat_236"
"./SAT03/industrial/schuppan/l2s/bc57-sensors-1-k303-unsat.shuffled-as.sat03-406.cnf","minisathackMiniSAT_2.2.0.agile.26"
"./SAT03/industrial/schuppan/l2s/dme-03-1-k247-unsat.shuffled-as.sat03-407.cnf","Lingeling_587f_fixed_"
"./SAT03/industrial/schuppan/l2s/valves-gates-1-k617-unsat.shuffled-as.sat03-412.cnf","minisathackMiniSAT_2.2.0.agile.26"
"./SAT03/industrial/simon/sat02/6pipe_6_ooo.shuffled-as.sat03-413.cnf","minisathackLR_GL_SHR_2011.03.02"
"./SAT04/industrial/hoonsang/vis-bmc/all.used-as.sat04-986.cnf","EBGlucose_1.0"
"./SAT04/industrial/hoonsang/vis-bmc/dekker.used-as.sat04-989.cnf","rcl_2011.04.01"
"./SAT04/industrial/vangelder/cnf-color/abb313GPIA-9-c.used-as.sat04-317.cnf","RestartSAT_B95"
"./SAT04/industrial/vangelder/cnf-color/abb313GPIA-9-tr.used-as.sat04-321.cnf","glucose_2"
"./SAT04/industrial/vangelder/cnf-color/myciel6-tr.used-as.sat04-320.cnf","minisathackEBMiniSAT_2011.03.02"
"./SAT04/industrial/velev/pipe-sat-1-1/12pipe_bug4_q0.used-as.sat04-723.cnf","SAT09referencesolverprecosat_236"
"./SAT04/industrial/velev/pipe-sat-1-1/12pipe_bug6_q0.used-as.sat04-725.cnf","Lingeling_587f_fixed_"
"./SAT04/industrial/velev/vliw_unsat_2.0/9dlx_vliw_at_b_iq6.used-as.sat04-347.cnf","Lingeling_587f_fixed_"
"./SAT04/industrial/velev/vliw_unsat_2.0/9dlx_vliw_at_b_iq8.used-as.sat04-718.cnf","Lingeling_587f_fixed_"
"./SAT04/industrial/velev/vliw_unsat_2.0/9dlx_vliw_at_b_iq9.used-as.sat04-719.cnf","QuteRSat_2011.05.12_fixed_"
"./SAT05/industrial/grieu05/vmpc/vmpc_25.renamed-as.sat05-1913.cnf","CryptoMiniSat_Strange.Night2.st_fixed_"
"./SAT05/industrial/grieu05/vmpc/vmpc_29.renamed-as.sat05-1916.cnf","minisathackcir_minisat_2011.05.13_simp_"
"./SAT05/industrial/grieu05/vmpc/vmpc_32.renamed-as.sat05-1919.cnf","CryptoMiniSat_Strange.Night2.st_fixed_"
"./SAT05/industrial/grieu05/vmpc/vmpc_34.renamed-as.sat05-1926.cnf","rcl_2011.04.01"
"./SAT05/industrial/grieu05/vmpc/vmpc_35.renamed-as.sat05-1921.cnf","RestartSAT_B95"
"./SAT05/industrial/grieu05/vmpc/vmpc_36.renamed-as.sat05-1922.cnf","SAT09referencesolverglucose_1.0"
"./SAT05/industrial/maris05/DriverLog/driverlog1_ks99i.renamed-as.sat05-3951.cnf","minisathackcir_minisat_2011.05.13_simp_"
"./SAT05/industrial/maris05/DriverLog/driverlog3_v01a.renamed-as.sat05-3963.cnf","MPhaseSAT64_2011.05.14_fixed_"
"./SAT05/industrial/maris05/Ferry/ferry5_ks99i.renamed-as.sat05-3994.cnf","Lingeling_587f_fixed_"
"./SAT05/industrial/maris05/Rovers/rovers1_ks99i.renamed-as.sat05-3971.cnf","EBGlucose_1.0"
"./SAT05/industrial/narain05/vpn/clauses-8.renamed-as.sat05-1964.cnf","minisathackminisat_psm_2011.04.01"
"./SAT07/industrial/IBM_FV_2002_13_rule_1/SAT_dat.k100.cnf","EBGlucose_1.0"
"./SAT07/industrial/IBM_FV_2002_13_rule_1/SAT_dat.k20.cnf","minisathackLR_GL_SHR_2011.03.02"
"./SAT07/industrial/IBM_FV_2002_13_rule_1/SAT_dat.k45.cnf","EBGlucose_1.0"
"./SAT07/industrial/IBM_FV_2002_13_rule_1/SAT_dat.k80.cnf","EBGlucose_1.0"
"./SAT07/industrial/IBM_FV_2004_30/IBM_FV_2004_rule_batch_30_SAT_dat.k55.cnf","rcl_2011.04.01"
"./SAT07/industrial/IBM_FV_2004_30/IBM_FV_2004_rule_batch_30_SAT_dat.k80.cnf","RestartSAT_B95"
"./SAT07/industrial/anbulagan/hard-sat/partial-10-13-s.cnf","MPhaseSAT64_2011.05.14_fixed_"
"./SAT07/industrial/anbulagan/hard-sat/partial-10-15-s.cnf","CryptoMiniSat_Strange.Night2.st_fixed_"
"./SAT07/industrial/anbulagan/hard-sat/partial-10-17-s.cnf","QuteRSat_2011.05.12_fixed_"
"./SAT07/industrial/anbulagan/hard-unsat/dated-10-17-u.cnf","glucose_2"
"./SAT07/industrial/anbulagan/hard-unsat/dated-5-13-u.cnf","QuteRSat_2011.05.12_fixed_"
"./SAT07/industrial/anbulagan/hard-unsat/partial-5-11-u.cnf","QuteRSat_2011.05.12_fixed_"
"./SAT07/industrial/anbulagan/hard-unsat/total-10-17-u.cnf","QuteRSat_2011.05.12_fixed_"
"./SAT07/industrial/anbulagan/medium-unsat/dated-5-11-u.cnf","glucose_2"
"./SAT07/industrial/babic/dspam/dspam_dump_vc949.cnf","glucose_2"
"./SAT07/industrial/babic/hsatv17/hsat_vc12062.cnf","glucose_2"
"./SAT07/industrial/crypto/mizh-sha0-36-2.cnf","RestartSAT_B95"
"./SAT07/industrial/fuhs/hard/AProVE07-01.cnf","SAT09referencesolverglucose_1.0"
"./SAT07/industrial/fuhs/hard/AProVE07-03.cnf","MPhaseSAT64_2011.05.14_fixed_"
"./SAT07/industrial/fuhs/medium/AProVE07-21.cnf","SAT09referencesolverglucose_1.0"
"./SAT07/industrial/jarvisalo/eq.atree.braun.11.unsat.cnf","MPhaseSAT64_2011.05.14_fixed_"
"./SAT07/industrial/jarvisalo/eq.atree.braun.12.unsat.cnf","minisathackminisat_psm_2011.04.01"
"./SAT07/industrial/manolios/manol-pipe-f7idw.cnf","Lingeling_587f_fixed_"
"./SAT07/industrial/palacios/hard/sortnet-7-ipc5-h15-unsat.cnf","minisathackminisat_psm_2011.04.01"
"./SAT07/industrial/palacios/hard/sortnet-8-ipc5-h19-sat.cnf","minisathackEBMiniSAT_2011.03.02"
"./SAT07/industrial/palacios/medium/blocks-4-ipc5-h21-unknown.cnf","minisathackcir_minisat_2011.05.13_simp_"
"./SAT07/industrial/palacios/medium/cube-11-h14-sat.cnf","CryptoMiniSat_Strange.Night2.st_fixed_"
"./SAT07/industrial/vliw_sat_4.0/9vliw_m_9stages_iq3_C1_bug5.cnf","glucose_2"
"./SAT07/industrial/vliw_sat_4.0/9vliw_m_9stages_iq3_C1_bug6.cnf","minisathackLR_GL_SHR_2011.03.02"
"./SAT07/industrial/vliw_unsat_2.0/9dlx_vliw_at_b_iq7.cnf","CryptoMiniSat_Strange.Night2.st_fixed_"
"./SAT09/APPLICATIONS/bioinfo/q_query_3_L150_coli.sat.cnf","minisathackEBMiniSAT_2011.03.02"
"./SAT09/APPLICATIONS/bioinfo/q_query_3_L70_coli.sat.cnf","glueminisat_2.2.5"
"./SAT09/APPLICATIONS/bioinfo/q_query_3_l46_lambda.cnf","rcl_2011.04.01"
"./SAT09/APPLICATIONS/bitverif/countbitsarray/countbitsarray04_32.cnf","minisathackEBMiniSAT_2011.03.02"
"./SAT09/APPLICATIONS/bitverif/countbitsrotate/countbitsrotate032.cnf","Lingeling_587f_fixed_"
"./SAT09/APPLICATIONS/bitverif/countbitssrl/countbitssrl064.cnf","SAT09referencesolverprecosat_236"
"./SAT09/APPLICATIONS/bitverif/countbitswegner/countbitswegner128.cnf","EBGlucose_1.0"
"./SAT09/APPLICATIONS/bitverif/maxor/maxor128.cnf","minisathackLR_GL_SHR_2011.03.02"
"./SAT09/APPLICATIONS/bitverif/maxxor/maxxor032.cnf","MPhaseSAT64_2011.05.14_fixed_"
"./SAT09/APPLICATIONS/bitverif/maxxor/maxxor064.cnf","glueminisat_2.2.5"
"./SAT09/APPLICATIONS/bitverif/maxxor/maxxor128.cnf","minisathackLR_GL_SHR_2011.03.02"
"./SAT09/APPLICATIONS/bitverif/maxxororand/maxxororand064.cnf","minisathackreferenceminisat_2.2.0"
"./SAT09/APPLICATIONS/bitverif/minandmaxor/minandmaxor016.cnf","minisathackLR_GL_SHR_2011.03.02"
"./SAT09/APPLICATIONS/bitverif/minandmaxor/minandmaxor128.cnf","minisathackEBMiniSAT_2011.03.02"
"./SAT09/APPLICATIONS/bitverif/minxorminand/minxorminand128.cnf","QuteRSat_2011.05.12_fixed_"
"./SAT09/APPLICATIONS/bitverif/mulhs/mulhs016.cnf","glueminisat_2.2.5"
"./SAT09/APPLICATIONS/bitverif/smulo/smulo064.cnf","glucose_2"
"./SAT09/APPLICATIONS/c32sat/post-c32s-gcdm16-23.cnf","CryptoMiniSat_Strange.Night2.st_fixed_"
"./SAT09/APPLICATIONS/c32sat/post-cbmc-zfcp-2.8-u2-noholes.cnf","glucose_2"
"./SAT09/APPLICATIONS/crypto/desgen/gss-14-s100.cnf","MPhaseSAT64_2011.05.14_fixed_"
"./SAT09/APPLICATIONS/crypto/desgen/gss-16-s100.cnf","MPhaseSAT64_2011.05.14_fixed_"
"./SAT09/APPLICATIONS/crypto/desgen/gss-19-s100.cnf","CryptoMiniSat_Strange.Night2.st_fixed_"
"./SAT09/APPLICATIONS/crypto/desgen/gss-21-s100.cnf","MPhaseSAT64_2011.05.14_fixed_"
"./SAT09/APPLICATIONS/crypto/desgen/gss-22-s100.cnf","minisathackcir_minisat_2011.05.13_simp_"
"./SAT09/APPLICATIONS/crypto/desgen/gss-27-s100.cnf","MPhaseSAT64_2011.05.14_fixed_"
"./SAT09/APPLICATIONS/crypto/md5gen/gus-md5-11.cnf","minisathackMiniSAT_2.2.0.agile.26"
"./SAT09/APPLICATIONS/crypto/md5gen/gus-md5-12.cnf","minisathackMiniSAT_2.2.0.agile.26"
"./SAT09/APPLICATIONS/diagnosis/ACG-10-10p0.cnf","MPhaseSAT64_2011.05.14_fixed_"
"./SAT09/APPLICATIONS/diagnosis/ACG-15-5p1.cnf","MPhaseSAT64_2011.05.14_fixed_"
"./SAT09/APPLICATIONS/diagnosis/UCG-15-10p0.cnf","minisathackEBMiniSAT_2011.03.02"
"./SAT09/APPLICATIONS/diagnosis/UCG-15-10p1.cnf","QuteRSat_2011.05.12_fixed_"
"./SAT09/APPLICATIONS/diagnosis/UCG-15-5p0.cnf","glucose_2"
"./SAT09/APPLICATIONS/diagnosis/UCG-20-5p1.cnf","QuteRSat_2011.05.12_fixed_"
"./SAT09/APPLICATIONS/diagnosis/UR-10-10p1.cnf","rcl_2011.04.01"
"./SAT09/APPLICATIONS/diagnosis/UR-20-10p0.cnf","MPhaseSAT64_2011.05.14_fixed_"
"./SAT09/APPLICATIONS/diagnosis/UR-20-10p1.cnf","QuteRSat_2011.05.12_fixed_"
"./SAT09/APPLICATIONS/diagnosis/UTI-10-5t1.cnf","minisathackminisat_psm_2011.04.01"
"./SAT09/APPLICATIONS/diagnosis/UTI-20-10p0.cnf","minisathackminisat_psm_2011.04.01"
"./SAT09/APPLICATIONS/diagnosis/UTI-20-10p1.cnf","minisathackcontrasat_2011.03.02"
"./SAT09/APPLICATIONS/diagnosis/UTI-20-10t0.cnf","QuteRSat_2011.05.12_fixed_"
"./SAT09/APPLICATIONS/diagnosis/UTI-20-10t1.cnf","glucose_2"
"./SAT09/APPLICATIONS/satComp09_BioInstances/ndhf_xits_19_UNKNOWN.cnf","SAT09referencesolverprecosat_236"
"./SAT09/APPLICATIONS/satComp09_BioInstances/rbcl_xits_08_UNSAT.cnf","minisathackMiniSAT_2.2.0.agile.26"
"./SAT09/APPLICATIONS/satComp09_BioInstances/rbcl_xits_09_UNKNOWN.cnf","RestartSAT_B95"
"./SAT09/APPLICATIONS/satComp09_BioInstances/rbcl_xits_15_SAT.cnf","RestartSAT_B95"
"./SAT09/APPLICATIONS/satComp09_BioInstances/rbcl_xits_18_SAT.cnf","CryptoMiniSat_Strange.Night2.st_fixed_"
"./SAT09/APPLICATIONS/satComp09_BioInstances/rpoc_xits_09_UNSAT.cnf","RestartSAT_B95"
"./SAT11/application/fuhs/AProVE11/AProVE11-02.cnf","minisathackEBMiniSAT_2011.03.02"
"./SAT11/application/fuhs/AProVE11/AProVE11-06.cnf","SAT09referencesolverprecosat_236"
"./SAT11/application/fuhs/AProVE11/AProVE11-07.cnf","SAT09referencesolverprecosat_236"
"./SAT11/application/fuhs/AProVE11/AProVE11-09.cnf","Lingeling_587f_fixed_"
"./SAT11/application/fuhs/AProVE11/AProVE11-10.cnf","RestartSAT_B95"
"./SAT11/application/fuhs/AProVE11/AProVE11-11.cnf","QuteRSat_2011.05.12_fixed_"
"./SAT11/application/fuhs/AProVE11/AProVE11-12.cnf","MPhaseSAT64_2011.05.14_fixed_"
"./SAT11/application/fuhs/AProVE11/AProVE11-13.cnf","glueminisat_2.2.5"
"./SAT11/application/fuhs/AProVE11/AProVE11-15.cnf","glueminisat_2.2.5"
"./SAT11/application/fuhs/AProVE11/AProVE11-16.cnf","SAT09referencesolverprecosat_236"
"./SAT11/application/fuhs/slp-synthesis-AES/slp-synthesis-aes-bottom12.cnf","QuteRSat_2011.05.12_fixed_"
"./SAT11/application/fuhs/slp-synthesis-AES/slp-synthesis-aes-bottom13.cnf","QuteRSat_2011.05.12_fixed_"
"./SAT11/application/fuhs/slp-synthesis-AES/slp-synthesis-aes-bottom14.cnf","minisathackLR_GL_SHR_2011.03.02"
"./SAT11/application/fuhs/slp-synthesis-AES/slp-synthesis-aes-bottom15.cnf","MPhaseSAT64_2011.05.14_fixed_"
"./SAT11/application/fuhs/slp-synthesis-AES/slp-synthesis-aes-bottom16.cnf","Lingeling_587f_fixed_"
"./SAT11/application/fuhs/slp-synthesis-AES/slp-synthesis-aes-bottom17.cnf","glucose_2"
"./SAT11/application/fuhs/slp-synthesis-AES/slp-synthesis-aes-bottom18.cnf","minisathackLR_GL_SHR_2011.03.02"
"./SAT11/application/fuhs/slp-synthesis-AES/slp-synthesis-aes-bottom19.cnf","minisathackMiniSAT_2.2.0.agile.26"
"./SAT11/application/fuhs/slp-synthesis-AES/slp-synthesis-aes-bottom20.cnf","SAT09referencesolverprecosat_236"
"./SAT11/application/fuhs/slp-synthesis-AES/slp-synthesis-aes-bottom21.cnf","SAT09referencesolverprecosat_236"
"./SAT11/application/fuhs/slp-synthesis-AES/slp-synthesis-aes-bottom22.cnf","glucose_2"
"./SAT11/application/fuhs/slp-synthesis-AES/slp-synthesis-aes-bottom23.cnf","minisathackLR_GL_SHR_2011.03.02"
"./SAT11/application/fuhs/slp-synthesis-AES/slp-synthesis-aes-bottom24.cnf","minisathackEBMiniSAT_2011.03.02"
"./SAT11/application/fuhs/slp-synthesis-AES/slp-synthesis-aes-bottom25.cnf","QuteRSat_2011.05.12_fixed_"
"./SAT11/application/fuhs/slp-synthesis-AES/slp-synthesis-aes-bottom26.cnf","SAT09referencesolverprecosat_236"
"./SAT11/application/fuhs/slp-synthesis-AES/slp-synthesis-aes-top21.cnf","minisathackminisat_psm_2011.04.01"
"./SAT11/application/fuhs/slp-synthesis-AES/slp-synthesis-aes-top22.cnf","minisathackminisat_psm_2011.04.01"
"./SAT11/application/fuhs/slp-synthesis-AES/slp-synthesis-aes-top23.cnf","CryptoMiniSat_Strange.Night2.st_fixed_"
"./SAT11/application/fuhs/slp-synthesis-AES/slp-synthesis-aes-top24.cnf","rcl_2011.04.01"
"./SAT11/application/fuhs/slp-synthesis-AES/slp-synthesis-aes-top25.cnf","minisathackminisat_psm_2011.04.01"
"./SAT11/application/fuhs/slp-synthesis-AES/slp-synthesis-aes-top26.cnf","QuteRSat_2011.05.12_fixed_"
"./SAT11/application/fuhs/slp-synthesis-AES/slp-synthesis-aes-top28.cnf","minisathackcontrasat_2011.03.02"
"./SAT11/application/fuhs/slp-synthesis-AES/slp-synthesis-aes-top29.cnf","minisathackcontrasat_2011.03.02"
"./SAT11/application/fuhs/slp-synthesis-AES/slp-synthesis-aes-top30.cnf","minisathackMiniSAT_2.2.0.agile.26"
"./SAT11/application/jarvisalo/AAAI2010-SATPlanning/aaai10-planning-ipc5-TPP-21-step11.cnf","minisathackcir_minisat_2011.05.13_simp_"
"./SAT11/application/jarvisalo/AAAI2010-SATPlanning/aaai10-planning-ipc5-TPP-30-step11.cnf","minisathackcontrasat_2011.03.02"
"./SAT11/application/jarvisalo/AAAI2010-SATPlanning/aaai10-planning-ipc5-pathways-13-step17.cnf","EBGlucose_1.0"
"./SAT11/application/jarvisalo/AAAI2010-SATPlanning/aaai10-planning-ipc5-pathways-17-step20.cnf","Lingeling_587f_fixed_"
"./SAT11/application/jarvisalo/AAAI2010-SATPlanning/aaai10-planning-ipc5-pathways-17-step21.cnf","SAT09referencesolverprecosat_236"
"./SAT11/application/jarvisalo/AAAI2010-SATPlanning/aaai10-planning-ipc5-pipesworld-12-step15.cnf","SAT09referencesolverprecosat_236"
"./SAT11/application/jarvisalo/AAAI2010-SATPlanning/aaai10-planning-ipc5-pipesworld-12-step16.cnf","CryptoMiniSat_Strange.Night2.st_fixed_"
"./SAT11/application/jarvisalo/AAAI2010-SATPlanning/aaai10-planning-ipc5-pipesworld-18-step15.cnf","EBGlucose_1.0"
"./SAT11/application/jarvisalo/AAAI2010-SATPlanning/aaai10-planning-ipc5-pipesworld-18-step16.cnf","glueminisat_2.2.5"
"./SAT11/application/jarvisalo/AAAI2010-SATPlanning/aaai10-planning-ipc5-pipesworld-27-step13.cnf","EBGlucose_1.0"
"./SAT11/application/jarvisalo/AAAI2010-SATPlanning/aaai10-planning-ipc5-pipesworld-27-step14.cnf","minisathackLR_GL_SHR_2011.03.02"
"./SAT11/application/jarvisalo/AAAI2010-SATPlanning/aaai10-planning-ipc5-rovers-18-step11.cnf","SAT09referencesolverprecosat_236"
"./SAT11/application/jarvisalo/AAAI2010-SATPlanning/aaai10-planning-ipc5-rovers-18-step12.cnf","QuteRSat_2011.05.12_fixed_"
"./SAT11/application/jarvisalo/HWMCC10-combination-timeframe-expansion/hwmcc10-timeframe-expansion-k45-bc57sensorsp1-tseitin.cnf","glueminisat_2.2.5"
"./SAT11/application/jarvisalo/HWMCC10-combination-timeframe-expansion/hwmcc10-timeframe-expansion-k45-bobsm5378d2-tseitin.cnf","QuteRSat_2011.05.12_fixed_"
"./SAT11/application/jarvisalo/HWMCC10-combination-timeframe-expansion/hwmcc10-timeframe-expansion-k45-bobsmhdlc2-tseitin.cnf","CryptoMiniSat_Strange.Night2.st_fixed_"
"./SAT11/application/jarvisalo/HWMCC10-combination-timeframe-expansion/hwmcc10-timeframe-expansion-k45-pdtpmsgoodbakery-tseitin.cnf","CryptoMiniSat_Strange.Night2.st_fixed_"
"./SAT11/application/jarvisalo/HWMCC10-combination-timeframe-expansion/hwmcc10-timeframe-expansion-k45-pdtpmspalu-tseitin.cnf","minisathackLR_GL_SHR_2011.03.02"
"./SAT11/application/jarvisalo/HWMCC10-combination-timeframe-expansion/hwmcc10-timeframe-expansion-k45-pdtswvqis8x8p2-tseitin.cnf","SAT09referencesolverglucose_1.0"
"./SAT11/application/jarvisalo/HWMCC10-combination-timeframe-expansion/hwmcc10-timeframe-expansion-k45-pdtswvrod6x8p1-tseitin.cnf","minisathackLR_GL_SHR_2011.03.02"
"./SAT11/application/jarvisalo/HWMCC10-combination-timeframe-expansion/hwmcc10-timeframe-expansion-k45-pdtswvtms14x8p1-tseitin.cnf","minisathackLR_GL_SHR_2011.03.02"
"./SAT11/application/jarvisalo/HWMCC10-combination-timeframe-expansion/hwmcc10-timeframe-expansion-k45-pdtviseisenberg1-tseitin.cnf","SAT09referencesolverglucose_1.0"
"./SAT11/application/jarvisalo/HWMCC10-combination-timeframe-expansion/hwmcc10-timeframe-expansion-k45-pdtvisns3p02-tseitin.cnf","glueminisat_2.2.5"
"./SAT11/application/jarvisalo/HWMCC10-combination-timeframe-expansion/hwmcc10-timeframe-expansion-k45-pdtvissoap1-tseitin.cnf","minisathackcir_minisat_2011.05.13_simp_"
"./SAT11/application/jarvisalo/HWMCC10-combination-timeframe-expansion/hwmcc10-timeframe-expansion-k50-bc57sensorsp2-tseitin.cnf","minisathackMiniSAT_2.2.0.agile.26"
"./SAT11/application/jarvisalo/HWMCC10-combination-timeframe-expansion/hwmcc10-timeframe-expansion-k50-bc57sensorsp3-tseitin.cnf","SAT09referencesolverprecosat_236"
"./SAT11/application/jarvisalo/HWMCC10-combination-timeframe-expansion/hwmcc10-timeframe-expansion-k50-bjrb07amba2andenv-tseitin.cnf","EBGlucose_1.0"
"./SAT11/application/jarvisalo/HWMCC10-combination-timeframe-expansion/hwmcc10-timeframe-expansion-k50-eijkbs6669-tseitin.cnf","minisathackLR_GL_SHR_2011.03.02"
"./SAT11/application/jarvisalo/HWMCC10-combination-timeframe-expansion/hwmcc10-timeframe-expansion-k50-nusmvreactorp4-tseitin.cnf","CryptoMiniSat_Strange.Night2.st_fixed_"
"./SAT11/application/jarvisalo/HWMCC10-combination-timeframe-expansion/hwmcc10-timeframe-expansion-k50-pdtpmsns2-tseitin.cnf","QuteRSat_2011.05.12_fixed_"
"./SAT11/application/jarvisalo/HWMCC10-combination-timeframe-expansion/hwmcc10-timeframe-expansion-k50-pdtswvsam6x8p3-tseitin.cnf","SAT09referencesolverprecosat_236"
"./SAT11/application/jarvisalo/HWMCC10-combination-timeframe-expansion/hwmcc10-timeframe-expansion-k50-pdtviseisenberg2-tseitin.cnf","SAT09referencesolverglucose_1.0"
"./SAT11/application/jarvisalo/HWMCC10-combination-timeframe-expansion/hwmcc10-timeframe-expansion-k50-pdtvisns2p3-tseitin.cnf","minisathackLR_GL_SHR_2011.03.02"
"./SAT11/application/jarvisalo/HWMCC10-combination-timeframe-expansion/hwmcc10-timeframe-expansion-k50-pdtvisns3p00-tseitin.cnf","Lingeling_587f_fixed_"
"./SAT11/application/jarvisalo/smtqfbv-aigs/smtlib-qfbv-aigs-VS3-benchmark-S2-tseitin.cnf","glucose_2"
"./SAT11/application/jarvisalo/smtqfbv-aigs/smtlib-qfbv-aigs-bin_libmsrpc_vc1225336-tseitin.cnf","QuteRSat_2011.05.12_fixed_"
"./SAT11/application/jarvisalo/smtqfbv-aigs/smtlib-qfbv-aigs-bin_libsmbclient_vc1228502-tseitin.cnf","minisathackLR_GL_SHR_2011.03.02"
"./SAT11/application/jarvisalo/smtqfbv-aigs/smtlib-qfbv-aigs-bin_libsmbsharemodes_vc5759-tseitin.cnf","glueminisat_2.2.5"
"./SAT11/application/jarvisalo/smtqfbv-aigs/smtlib-qfbv-aigs-countbits128-tseitin.cnf","EBGlucose_1.0"
"./SAT11/application/jarvisalo/smtqfbv-aigs/smtlib-qfbv-aigs-ext_con_032_008_0256-tseitin.cnf","glucose_2"
"./SAT11/application/jarvisalo/smtqfbv-aigs/smtlib-qfbv-aigs-lfsr_004_127_112-tseitin.cnf","glucose_2"
"./SAT11/application/jarvisalo/smtqfbv-aigs/smtlib-qfbv-aigs-lfsr_008_063_080-tseitin.cnf","minisathackLR_GL_SHR_2011.03.02"
"./SAT11/application/jarvisalo/smtqfbv-aigs/smtlib-qfbv-aigs-lfsr_008_079_112-tseitin.cnf","SAT09referencesolverprecosat_236"
"./SAT11/application/jarvisalo/smtqfbv-aigs/smtlib-qfbv-aigs-nlzbe256-tseitin.cnf","minisathackLR_GL_SHR_2011.03.02"
"./SAT11/application/jarvisalo/smtqfbv-aigs/smtlib-qfbv-aigs-rfunit_flat-64-tseitin.cnf","MPhaseSAT64_2011.05.14_fixed_"
"./SAT11/application/jarvisalo/smtqfbv-aigs/smtlib-qfbv-aigs-servers_slapd_a_vc149789-tseitin.cnf","minisathackMiniSAT_2.2.0.agile.26"
"./SAT11/application/jarvisalo/smtqfbv-aigs/smtlib-qfbv-aigs-src_wget_vc18517-tseitin.cnf","SAT09referencesolverprecosat_236"
"./SAT11/application/kullmann/AES/Benchmarks/128/aes_128_10_keyfind_1.cnf","Lingeling_587f_fixed_"
"./SAT11/application/kullmann/AES/Benchmarks/128/aes_128_1_keyfind_1.cnf","MPhaseSAT64_2011.05.14_fixed_"
"./SAT11/application/kullmann/AES/Benchmarks/128/aes_128_2_keyfind_1.cnf","SAT09referencesolverglucose_1.0"
"./SAT11/application/kullmann/AES/Benchmarks/128/aes_128_3_keyfind_1.cnf","CryptoMiniSat_Strange.Night2.st_fixed_"
"./SAT11/application/kullmann/AES/Benchmarks/32/aes_32_1_keyfind_1.cnf","EBGlucose_1.0"
"./SAT11/application/kullmann/AES/Benchmarks/32/aes_32_2_keyfind_1.cnf","SAT09referencesolverprecosat_236"
"./SAT11/application/kullmann/AES/Benchmarks/32/aes_32_3_keyfind_1.cnf","SAT09referencesolverprecosat_236"
"./SAT11/application/kullmann/AES/Benchmarks/32/aes_32_4_keyfind_1.cnf","minisathackMiniSAT_2.2.0.agile.26"
"./SAT11/application/kullmann/AES/Benchmarks/32/aes_32_5_keyfind_1.cnf","EBGlucose_1.0"
"./SAT11/application/kullmann/AES/Benchmarks/64/aes_64_1_keyfind_1.cnf","minisathackMiniSAT_2.2.0.agile.26"
"./SAT11/application/kullmann/AES/Benchmarks/64/aes_64_2_keyfind_1.cnf","MPhaseSAT64_2011.05.14_fixed_"
"./SAT11/application/kullmann/AES/Benchmarks/64/aes_64_3_keyfind_1.cnf","MPhaseSAT64_2011.05.14_fixed_"
"./SAT11/application/kullmann/AES/Benchmarks/64/aes_64_4_keyfind_1.cnf","CryptoMiniSat_Strange.Night2.st_fixed_"
"./SAT11/application/leberre/2dimensionalstrippacking/E00N23.cnf","QuteRSat_2011.05.12_fixed_"
"./SAT11/application/leberre/2dimensionalstrippacking/E00X23.cnf","glucose_2"
"./SAT11/application/leberre/2dimensionalstrippacking/E02F17.cnf","glucose_2"
"./SAT11/application/leberre/2dimensionalstrippacking/E02F20.cnf","glucose_2"
"./SAT11/application/leberre/2dimensionalstrippacking/E02F22.cnf","QuteRSat_2011.05.12_fixed_"
"./SAT11/application/leberre/2dimensionalstrippacking/E03N17.cnf","QuteRSat_2011.05.12_fixed_"
"./SAT11/application/leberre/2dimensionalstrippacking/E04F19.cnf","Lingeling_587f_fixed_"
"./SAT11/application/leberre/2dimensionalstrippacking/E04F20.cnf","rcl_2011.04.01"
"./SAT11/application/leberre/2dimensionalstrippacking/E04N18.cnf","SAT09referencesolverprecosat_236"
"./SAT11/application/leberre/2dimensionalstrippacking/E05F18.cnf","SAT09referencesolverprecosat_236"
"./SAT11/application/leberre/2dimensionalstrippacking/E05F20.cnf","QuteRSat_2011.05.12_fixed_"
"./SAT11/application/leberre/2dimensionalstrippacking/E05X15.cnf","QuteRSat_2011.05.12_fixed_"
"./SAT11/application/leberre/2dimensionalstrippacking/E07N15.cnf","glucose_2"
"./SAT11/application/leberre/2dimensionalstrippacking/E15N15.cnf","glucose_2"
"./SAT11/application/leberre/2dimensionalstrippacking/korf-15.cnf","QuteRSat_2011.05.12_fixed_"
"./SAT11/application/leberre/2dimensionalstrippacking/korf-17.cnf","CryptoMiniSat_Strange.Night2.st_fixed_"
"./SAT11/application/leberre/2dimensionalstrippacking/korf-18.cnf","EBGlucose_1.0"
"./SAT11/application/manthey/traffic/traffic_3_uc_sat.cnf","SAT09referencesolverglucose_1.0"
"./SAT11/application/manthey/traffic/traffic_3b_unknown.cnf","minisathackMiniSAT_2.2.0.agile.26"
"./SAT11/application/manthey/traffic/traffic_b_unsat.cnf","MPhaseSAT64_2011.05.14_fixed_"
"./SAT11/application/manthey/traffic/traffic_f_unknown.cnf","glucose_2"
"./SAT11/application/manthey/traffic/traffic_fb_unknown.cnf","MPhaseSAT64_2011.05.14_fixed_"
"./SAT11/application/manthey/traffic/traffic_kkb_unknown.cnf","Lingeling_587f_fixed_"
"./SAT11/application/manthey/traffic/traffic_pcb_unknown.cnf","QuteRSat_2011.05.12_fixed_"
"./SAT11/application/manthey/traffic/traffic_r_sat.cnf","minisathackLR_GL_SHR_2011.03.02"
"./SAT11/application/manthey/traffic/traffic_r_uc_sat.cnf","minisathackcontrasat_2011.03.02"
"./SAT11/application/rintanen/SATPlanning/blocks-blocks-36-0.120-NOTKNOWN.cnf","QuteRSat_2011.05.12_fixed_"
"./SAT11/application/rintanen/SATPlanning/blocks-blocks-36-0.160-NOTKNOWN.cnf","SAT09referencesolverprecosat_236"
"./SAT11/application/rintanen/SATPlanning/blocks-blocks-36-0.170-NOTKNOWN.cnf","RestartSAT_B95"
"./SAT11/application/rintanen/SATPlanning/blocks-blocks-36-0.180-SAT.cnf","minisathackcir_minisat_2011.05.13_simp_"
"./SAT11/application/rintanen/SATPlanning/blocks-blocks-37-1.120-NOTKNOWN.cnf","QuteRSat_2011.05.12_fixed_"
"./SAT11/application/rintanen/SATPlanning/blocks-blocks-37-1.130-NOTKNOWN.cnf","QuteRSat_2011.05.12_fixed_"
"./SAT11/application/rintanen/SATPlanning/blocks-blocks-37-1.150-SAT.cnf","CryptoMiniSat_Strange.Night2.st_fixed_"
"./SAT11/application/rintanen/SATPlanning/grid-strips-grid-y-3.035-NOTKNOWN.cnf","RestartSAT_B95"
"./SAT11/application/rintanen/SATPlanning/grid-strips-grid-y-4.025-NOTKNOWN.cnf","minisathackLR_GL_SHR_2011.03.02"
"./SAT11/application/rintanen/SATPlanning/openstacks-sequencedstrips-nonadl-nonnegated-os-sequencedstrips-p30_1.025-NOTKNOWN.cnf","MPhaseSAT64_2011.05.14_fixed_"
"./SAT11/application/rintanen/SATPlanning/openstacks-sequencedstrips-nonadl-nonnegated-os-sequencedstrips-p30_1.035-NOTKNOWN.cnf","SAT09referencesolverprecosat_236"
"./SAT11/application/rintanen/SATPlanning/openstacks-sequencedstrips-nonadl-nonnegated-os-sequencedstrips-p30_1.045-NOTKNOWN.cnf","QuteRSat_2011.05.12_fixed_"
"./SAT11/application/rintanen/SATPlanning/openstacks-sequencedstrips-nonadl-nonnegated-os-sequencedstrips-p30_3.025-NOTKNOWN.cnf","minisathackLR_GL_SHR_2011.03.02"
"./SAT11/application/rintanen/SATPlanning/openstacks-sequencedstrips-nonadl-nonnegated-os-sequencedstrips-p30_3.035-NOTKNOWN.cnf","minisathackEBMiniSAT_2011.03.02"
"./SAT11/application/rintanen/SATPlanning/openstacks-sequencedstrips-nonadl-nonnegated-os-sequencedstrips-p30_3.045-NOTKNOWN.cnf","minisathackEBMiniSAT_2011.03.02"
"./SAT11/application/rintanen/SATPlanning/openstacks-sequencedstrips-nonadl-nonnegated-os-sequencedstrips-p30_3.085-SAT.cnf","glueminisat_2.2.5"
"./SAT11/application/rintanen/SATPlanning/sokoban-sequential-p145-microban-sequential.030-NOTKNOWN.cnf","SAT09referencesolverprecosat_236"
"./SAT11/application/rintanen/SATPlanning/sokoban-sequential-p145-microban-sequential.040-NOTKNOWN.cnf","QuteRSat_2011.05.12_fixed_"
"./SAT11/application/rintanen/SATPlanning/sokoban-sequential-p145-microban-sequential.050-NOTKNOWN.cnf","CryptoMiniSat_Strange.Night2.st_fixed_"
"./SAT11/application/rintanen/SATPlanning/sokoban-sequential-p145-microban-sequential.060-NOTKNOWN.cnf","glucose_2"
"./SAT11/application/rintanen/SATPlanning/sokoban-sequential-p145-microban-sequential.070-NOTKNOWN.cnf","SAT09referencesolverglucose_1.0"
"./SAT11/application/rintanen/SATPlanning/sokoban-sequential-p145-microban-sequential.080-SAT.cnf","SAT09referencesolverprecosat_236"
"./SAT11/application/rintanen/SATPlanning/transport-transport-city-sequential-25nodes-1000size-3degree-100mindistance-3trucks-10packages-2008seed.060-SAT.cnf","SAT09referencesolverprecosat_236"
"./SAT11/application/rintanen/SATPlanning/transport-transport-city-sequential-35nodes-1000size-4degree-100mindistance-4trucks-14packages-2008seed.030-NOTKNOWN.cnf","rcl_2011.04.01"
"./SAT11/application/rintanen/SATPlanning/transport-transport-city-sequential-35nodes-1000size-4degree-100mindistance-4trucks-14packages-2008seed.040-NOTKNOWN.cnf","minisathackEBMiniSAT_2011.03.02"
"./SAT11/application/rintanen/SATPlanning/transport-transport-city-sequential-35nodes-1000size-4degree-100mindistance-4trucks-14packages-2008seed.050-SAT.cnf","minisathackcir_minisat_2011.05.13_simp_"
"./SAT11/application/rintanen/SATPlanning/transport-transport-three-cities-sequential-14nodes-1000size-4degree-100mindistance-4trucks-14packages-2008seed.020-NOTKNOWN.cnf","glucose_2"
"./SAT11/application/rintanen/SATPlanning/transport-transport-three-cities-sequential-14nodes-1000size-4degree-100mindistance-4trucks-14packages-2008seed.030-NOTKNOWN.cnf","EBGlucose_1.0"
"./SAT11/application/rintanen/SATPlanning/transport-transport-three-cities-sequential-14nodes-1000size-4degree-100mindistance-4trucks-14packages-2008seed.040-NOTKNOWN.cnf","MPhaseSAT64_2011.05.14_fixed_"
"./SAT11/application/rintanen/SATPlanning/transport-transport-two-cities-sequential-15nodes-1000size-3degree-100mindistance-3trucks-10packages-2008seed.040-SAT.cnf","RestartSAT_B95"
"SAT-Race-2010-CNF/cryptography/mizh/md5_48_3.cnf","minisathackminisat_psm_2011.04.01"
"SAT-Race-2010-CNF/cryptography/mizh/sha0_36_5.cnf","RestartSAT_B95"
"SAT-Race-2010-CNF/hardware-verification/manolios/c10idw_i.cnf","Lingeling_587f_fixed_"
"SAT-Race-2010-CNF/hardware-verification/velev/11pipe_11_ooo.cnf","QuteRSat_2011.05.12_fixed_"
"SAT-Race-2010-CNF/hardware-verification/velev/11pipe_k.cnf","Lingeling_587f_fixed_"
"SAT-Race-2010-CNF/hardware-verification/velev/1dlx_c_iq57_a.cnf","CryptoMiniSat_Strange.Night2.st_fixed_"
"SAT-Race-2010-CNF/hardware-verification/velev/1dlx_c_iq60_a.cnf","minisathackLR_GL_SHR_2011.03.02"
"SAT-Race-2010-CNF/hardware-verification/velev/2dlx_ca_bp_f_liveness.cnf","glucose_2"
"SAT-Race-2010-CNF/software-verification/nec/hard-18-U-10652.cnf","glueminisat_2.2.5"
"SAT-Race-2010-CNF/software-verification/nec/hard-25-U-7061.cnf","glucose_2"
"SAT-Race-2010-CNF/software-verification/nec/hard-6-U-7061.cnf","CryptoMiniSat_Strange.Night2.st_fixed_"
"SAT_RACE06/ibm-2002-21r-k95.cnf","RestartSAT_B95"
"SAT_RACE06/velev-npe-1.0-9dlx-b71.cnf","glucose_2"
"SAT_RACE06/velev-pipe-o-uns-1.0-7.cnf","QuteRSat_2011.05.12_fixed_"
"SAT_RACE06/velev-pipe-o-uns-1.1-6.cnf","QuteRSat_2011.05.12_fixed_"
"SAT_RACE06/velev-pipe-sat-1.0-b9.cnf","SAT09referencesolverprecosat_236"
"SAT_RACE08/Q1/SAT_dat.k80_04.cnf","QuteRSat_2011.05.12_fixed_"
"SAT_RACE08/Q1/SAT_dat.k85.cnf","glucose_2"
"SAT_RACE08/cnf/ibm-2002-30r-k85.cnf","glucose_2"
"SAT_RACE08/cnf/ibm-2004-01-k90.cnf","minisathackLR_GL_SHR_2011.03.02"
"SAT_RACE08/cnf/ibm-2004-23-k100.cnf","minisathackminisat_psm_2011.04.01"
"SAT_RACE08/cnf/manol-pipe-c10nidw.cnf","minisathackEBMiniSAT_2011.03.02"
"SAT_RACE08/cnf/manol-pipe-c6bidw_i.cnf","RestartSAT_B95"
"SAT_RACE08/cnf/manol-pipe-f7nidw.cnf","minisathackminisat_psm_2011.04.01"
"SAT_RACE08/cnf/mizh-sha0-36-4.cnf","glucose_2"
"SAT_RACE08/cnf/velev-vliw-uns-4.0-9-i1.cnf","minisathackcontrasat_2011.03.02"
